UserID,UserName,Age,Gender,PurchaseAmount,ProductCategory,Rating,LoginFrequency,LastPurchaseDate
1522,User_522,53.0,Male,,Home,6.0,Daily,2023-07-16
1738,User_738,42.0,Male,2279.6332296010683,Clothing,3.0,Daily,2023-06-19
1741,User_741,40.0,Male,596.7192730817295,Sports,1.0,Monthly,2023-08-21
1661,User_661,35.0,Female,222.76685429223917,Sports,4.0,Daily,2023-02-24
1412,User_412,68.0,Female,190.22180130824725,Sports,3.0,Weekly,2023-12-07
1679,User_679,28.0,Female,170.34525399377944,Home,5.0,Weekly,2023-05-18
1627,User_627,49.0,Male,1695.3098457182543,Books,4.0,Daily,2023-02-25
1514,User_514,28.0,Female,1125.929039332614,Electronics,2.0,Daily,2023-05-20
1860,User_860,40.0,Male,157.20887474452005,Clothing,4.0,Daily,2023-12-05
1137,User_137,30.0,Male,,Electronics,4.0,Weekly,2023-04-08
1812,User_812,56.0,Male,300.9739021817316,Sports,3.0,Daily,2023-11-02
1077,User_77,45.0,Female,,Electronics,3.0,Monthly,2023-11-29
1637,User_637,64.0,Male,818.4341278360293,Clothing,1.0,Monthly,2023-10-31
1974,User_974,15.0,Male,978.7795954985753,Clothing,2.0,Weekly,2023-10-10
1939,User_939,56.0,Female,154.3820641181673,Electronics,2.0,Monthly,2023-05-10
1900,User_900,56.0,Male,460.6287677384981,Clothing,1.0,Daily,2023-10-22
1281,User_281,26.0,Female,450.6911772625882,Clothing,4.0,Weekly,2023-05-22
1884,User_884,,Female,242.5643905645862,Clothing,4.0,Monthly,2023-05-20
1762,User_762,63.0,Female,368.64254003736175,Sports,4.0,Daily,2023-04-10
1320,User_320,64.0,Female,159.55535990059488,Books,3.0,Monthly,2023-11-14
1550,User_550,34.0,Male,-100.0,Clothing,3.0,Daily,2023-10-07
1175,User_175,43.0,Female,669.7035862953826,Sports,4.0,Monthly,2023-03-21
1372,User_372,25.0,Female,190.19387702726618,Home,5.0,Monthly,2023-06-10
1528,User_528,38.0,Female,637.0460001274423,Electronics,3.0,Monthly,2023-08-01
1211,User_211,31.0,Male,1138.6599183494009,Books,1.0,Weekly,2023-10-26
1236,User_236,42.0,Female,1177.971732199257,Home,5.0,Monthly,2023-04-20
1102,User_102,56.0,Female,401.2367905941807,Clothing,2.0,Monthly,2023-02-06
1987,User_987,81.0,Female,1374.2716171583509,Books,2.0,Daily,2023-09-18
1903,User_903,21.0,Female,325.60008004179645,Clothing,3.0,Daily,2023-12-11
1948,User_948,47.0,Female,527.9988225362209,Electronics,7.0,Daily,2023-07-31
1347,User_347,34.0,Male,783.2344805340459,Clothing,,Monthly,2023-12-04
1140,User_140,65.0,Male,981.3234650814321,Clothing,5.0,Daily,2023-03-13
1622,User_622,,Female,420.75737834319534,Home,2.0,Monthly,2023-11-07
1500,User_500,22.0,Female,1424.622979078319,Clothing,2.0,Monthly,2023-08-19
1371,User_371,46.0,Female,770.4637467701402,Clothing,4.0,Weekly,2023-06-26
1199,User_199,32.0,Male,61.07646267031197,Sports,5.0,Weekly,2023-05-01
1688,User_688,55.0,Male,1880.2325302863828,Clothing,5.0,Weekly,2023-11-09
1585,User_585,47.0,Female,474.99077102045425,Books,3.0,Monthly,2023-04-19
1902,User_902,66.0,Female,503.79898578247236,Sports,4.0,Weekly,2023-01-11
1060,User_60,27.0,Male,730.2846899275386,Home,3.0,Weekly,2023-03-06
1329,User_329,60.0,Female,,Books,1.0,Monthly,2023-07-30
1097,User_97,38.0,Female,352.434188172272,Electronics,5.0,Monthly,2023-01-31
1313,User_313,21.0,Female,1415.1795501343947,Home,4.0,Monthly,2023-12-16
1975,User_975,16.0,Female,1221.1940835527937,Electronics,3.0,Monthly,2023-01-08
1300,User_300,55.0,Female,212.89401547451806,Sports,1.0,Monthly,2023-01-19
1278,User_278,47.0,Female,379.4173566254835,Sports,5.0,Monthly,2023-02-17
1925,User_925,56.0,Male,424.90593576670784,Electronics,5.0,Monthly,2023-02-23
1602,User_602,,Female,613.2013795665748,Sports,3.0,Weekly,2023-11-30
1440,User_440,19.0,Male,1512.7095379153686,Electronics,5.0,Daily,2023-05-26
1838,User_838,38.0,Male,808.2982809455358,Home,5.0,Daily,2023-02-08
1571,User_571,24.0,Female,478.4630346953816,Home,5.0,Monthly,2023-10-31
1880,User_880,56.0,Male,399.51888581117436,Electronics,2.0,Daily,2023-12-19
1262,User_262,69.0,Female,325.86477988423565,Home,5.0,Monthly,2023-02-24
1579,User_579,57.0,Female,980.5987883706581,Clothing,5.0,Daily,2023-08-25
1024,User_24,22.0,Female,297.4381475874339,Sports,2.0,Monthly,2023-03-22
1031,User_31,28.0,Male,-100.0,Books,4.0,Weekly,2023-02-24
1618,User_618,49.0,Female,911.9864889719001,Books,3.0,Weekly,2023-12-25
1011,User_11,63.0,Male,2946.9904719220144,Home,2.0,Daily,2023-05-09
1222,User_222,55.0,Male,103.36349185362968,Electronics,4.0,Daily,2023-03-09
1821,User_821,55.0,Male,614.8431748988572,Home,4.0,Daily,2023-08-08
1297,User_297,23.0,Female,509.4599431780067,Sports,1.0,Weekly,2023-12-20
1055,User_55,40.0,Male,372.0720227005442,Clothing,3.0,Daily,2023-02-10
1543,User_543,55.0,Male,1106.2041977459166,Home,,Monthly,2023-09-02
1210,User_210,43.0,Male,1162.6320555738387,Books,3.0,Monthly,2023-12-03
1605,User_605,19.0,Male,350.9489538901784,Home,5.0,Daily,2023-05-07
1693,User_693,61.0,Male,10000.0,Home,5.0,Daily,2023-09-11
1663,User_663,27.0,Male,1157.5713675032641,Home,5.0,Monthly,2023-07-05
1867,User_867,70.0,Male,473.6641267430541,Clothing,1.0,Weekly,2023-03-18
1071,User_71,21.0,Female,344.00938981666576,Sports,2.0,Monthly,2023-10-04
1544,User_544,19.0,Female,443.8949503299304,Books,2.0,Monthly,2023-01-04
1108,User_108,35.0,Female,339.8441529026258,Clothing,4.0,Daily,2023-04-20
1494,User_494,60.0,Female,281.08650585648815,Clothing,4.0,Weekly,2023-09-16
1591,User_591,46.0,Male,2705.8117659999543,Sports,,Daily,2023-08-04
1742,User_742,70.0,Female,1546.051298712496,Electronics,1.0,Daily,2023-05-19
1293,User_293,45.0,Male,2892.143054088539,Electronics,2.0,Monthly,2023-10-15
1290,User_290,23.0,Female,1753.0266794711008,Sports,1.0,Monthly,2023-10-10
1653,User_653,33.0,Male,320.48909219150477,Clothing,4.0,Daily,2023-07-09
1040,User_40,51.0,Male,792.7398003222086,Home,3.0,Monthly,2023-03-24
1590,User_590,47.0,Male,764.7735936417001,Electronics,5.0,Monthly,2023-05-23
1308,User_308,62.0,Female,133.29486862349464,Clothing,1.0,Weekly,2023-06-07
1680,User_680,59.0,Female,486.55221892720834,Books,2.0,Daily,2023-06-15
1067,User_67,18.0,Female,1191.4586050087084,Clothing,5.0,Daily,2023-09-28
1276,User_276,47.0,Female,581.1173905740079,Sports,5.0,Weekly,2023-05-09
1068,User_68,68.0,Male,1959.281336713359,Clothing,0.0,Weekly,2023-11-07
1319,User_319,29.0,Male,455.99932821835574,Clothing,,Monthly,2023-07-28
1549,User_549,44.0,Female,70.30748003284572,Books,5.0,Monthly,2023-10-03
1999,User_999,79.0,Female,430.5779187183283,Home,4.0,Daily,2023-11-03
1715,User_715,56.0,Female,5000.0,Home,1.0,Monthly,2023-12-20
1754,User_754,70.0,Female,1099.313362231151,Books,1.0,Daily,2023-04-21
1328,User_328,30.0,Male,1078.2717769906099,Home,3.0,Weekly,2023-06-20
1383,User_383,31.0,Female,849.8305184429288,Books,5.0,Daily,2023-08-12
1452,User_452,69.0,Female,324.4327564440257,Clothing,3.0,Monthly,2023-03-17
1523,User_523,40.0,Female,360.7996126180868,Books,1.0,Weekly,2023-12-22
1219,User_219,64.0,Female,436.8824284420787,Sports,4.0,Weekly,2023-05-03
1788,User_788,64.0,Female,200.51294866024728,Electronics,3.0,Daily,2023-06-24
1437,User_437,50.0,Female,575.1693582759505,Sports,1.0,Weekly,2023-03-28
1765,User_765,18.0,Male,655.9597349816333,Sports,1.0,Weekly,2023-07-04
1089,User_89,47.0,Female,1047.05129720037,Sports,4.0,Weekly,2023-10-11
1064,User_64,31.0,Male,2159.095865085006,Home,3.0,Weekly,2023-10-09
1827,User_827,66.0,Male,-100.0,Clothing,1.0,Weekly,2023-02-20
1717,User_717,39.0,Male,1160.8405793262186,Clothing,3.0,Daily,2023-11-27
1352,User_352,55.0,Male,609.3074977412068,Sports,4.0,Weekly,2023-02-05
1937,User_937,47.0,Female,,Sports,1.0,Daily,2023-02-15
1257,User_257,36.0,Male,341.4667971729314,Sports,1.0,Daily,2023-12-06
1636,User_636,25.0,Female,1209.2311495577128,Electronics,1.0,Daily,2023-02-08
1645,User_645,51.0,Female,341.54874618972315,Electronics,3.0,Monthly,2023-11-04
1555,User_555,42.0,Male,1333.0531055506092,Books,3.0,Daily,2023-05-20
1960,User_960,10.0,Male,961.4046790266922,Electronics,2.0,Daily,2023-10-09
1169,User_169,38.0,Male,168.04833725997557,Electronics,2.0,Weekly,2023-05-27
1918,User_918,47.0,Female,287.3277858292684,Electronics,4.0,Weekly,2023-02-16
1529,User_529,64.0,Female,731.9239379492293,Sports,4.0,Monthly,2023-07-28
1824,User_824,36.0,Male,251.67530941516821,Electronics,5.0,Weekly,2023-11-14
1986,User_986,74.0,Female,906.3658409253883,Books,3.0,Daily,2023-05-30
1817,User_817,61.0,Male,623.1050751473294,Sports,4.0,Weekly,2023-08-19
1087,User_87,61.0,Female,201.68989743014652,Sports,1.0,Weekly,2023-01-11
1433,User_433,55.0,Male,-100.0,Electronics,1.0,Weekly,2023-12-12
1185,User_185,64.0,Male,1648.7630824334053,Home,1.0,Weekly,2023-01-26
1979,User_979,81.0,Female,941.2308296739039,Home,2.0,Monthly,2023-04-26
1535,User_535,70.0,Male,941.1884266277857,Home,,Weekly,2023-04-16
1295,User_295,21.0,Female,88.14791940772675,Electronics,1.0,Weekly,2023-02-27
1893,User_893,20.0,Male,974.4576750396449,Clothing,,Daily,2023-06-15
1426,User_426,50.0,Male,644.5332372965555,Home,5.0,Monthly,2023-10-24
1714,User_714,42.0,Female,333.2239578626323,Sports,5.0,Monthly,2023-05-04
1261,User_261,23.0,Male,841.1537855688654,Clothing,3.0,Daily,2023-03-01
1238,User_238,30.0,Female,510.50226957282445,Home,3.0,Daily,2023-05-16
1560,User_560,41.0,Female,506.6813480229106,Electronics,2.0,Monthly,2023-06-22
1584,User_584,30.0,Female,431.33857411719225,Clothing,5.0,Weekly,2023-06-17
1446,User_446,30.0,Male,849.3967160102554,Electronics,3.0,Monthly,2023-02-17
1868,User_868,24.0,Female,386.6919712111445,Home,3.0,Daily,2023-05-17
1801,User_801,70.0,Male,350.3239787526805,Clothing,3.0,Monthly,2023-01-28
1600,User_600,18.0,Female,633.4888342292951,Books,5.0,Monthly,2023-11-29
1850,User_850,43.0,Female,422.47947660820097,Home,2.0,Daily,2023-12-28
1266,User_266,23.0,Female,400.3404627844442,Clothing,1.0,Weekly,2023-05-25
1996,User_996,80.0,Male,808.182266334632,Sports,1.0,Daily,2023-03-16
1530,User_530,26.0,Female,448.8434809191896,Books,4.0,Weekly,2023-06-19
1056,User_56,54.0,Female,1195.0110876263425,Electronics,3.0,Weekly,2023-02-13
1121,User_121,68.0,Female,299.92024486100553,Clothing,4.0,Daily,2023-08-09
1216,User_216,40.0,Male,1697.3157610526616,Home,,Weekly,2023-04-15
1026,User_26,18.0,Female,10000.0,Sports,5.0,Daily,2023-01-02
1073,User_73,,Male,312.8904038757179,Electronics,5.0,Monthly,2023-04-13
1045,User_45,65.0,Female,,Home,2.0,Monthly,2023-06-15
1248,User_248,53.0,Male,678.6405322026548,Sports,5.0,Daily,2023-12-27
1722,User_722,46.0,Male,-100.0,Electronics,5.0,Daily,2023-02-17
1282,User_282,20.0,Female,-100.0,Sports,2.0,Daily,2023-01-23
1894,User_894,54.0,Male,284.9704327717928,Sports,2.0,Monthly,2023-11-06
1915,User_915,52.0,Female,257.4455542169857,Books,3.0,Weekly,2023-08-12
1811,User_811,42.0,Male,661.1745284619223,Electronics,5.0,Monthly,2023-11-07
1245,User_245,62.0,Male,2385.907896717569,Home,2.0,Monthly,2023-03-22
1823,User_823,29.0,Female,202.81284264896297,Clothing,3.0,Daily,2023-10-19
1322,User_322,43.0,Male,350.07249231800233,Books,1.0,Monthly,2023-05-02
1644,User_644,25.0,Male,808.5396818399768,Books,3.0,Weekly,2023-12-17
1159,User_159,49.0,Male,1876.5986497274462,Electronics,4.0,Daily,2023-09-04
1978,User_978,78.0,Female,210.15644987191402,Clothing,,Weekly,2023-02-17
1430,User_430,44.0,Female,355.5768965314789,Books,2.0,Weekly,2023-08-27
1942,User_942,18.0,Male,449.37676573658206,Sports,3.0,Weekly,2023-07-26
1463,User_463,44.0,Female,619.8849789077622,Home,4.0,Daily,2023-04-10
1310,User_310,22.0,Female,85.74961652460024,Electronics,2.0,Monthly,2023-01-21
1698,User_698,41.0,Female,642.6353057229563,Clothing,2.0,Daily,2023-07-01
1061,User_61,36.0,Male,729.4827033219004,Electronics,3.0,Monthly,2023-03-07
1885,User_885,34.0,Female,,Sports,,Monthly,2023-09-14
1596,User_596,33.0,Female,259.94881313369035,Clothing,2.0,Daily,2023-10-04
1768,User_768,53.0,Female,284.0633264203878,Sports,,Daily,2023-01-08
1650,User_650,49.0,Male,130.44822508263908,Electronics,3.0,Daily,2023-09-30
1651,User_651,63.0,Male,504.33332969464374,Sports,3.0,Daily,2023-08-08
1866,User_866,32.0,Male,1524.417274210652,Sports,1.0,Monthly,2023-11-28
1669,User_669,65.0,Male,244.1752155721424,Clothing,4.0,Daily,2023-04-01
1299,User_299,47.0,Male,706.8908273883612,Books,4.0,Daily,2023-10-07
1690,User_690,26.0,Female,576.9988860946023,Home,5.0,Weekly,2023-07-14
1315,User_315,37.0,Male,1025.876628040447,Books,3.0,Monthly,2023-12-08
1311,User_311,23.0,Female,976.4468343227672,Sports,4.0,Weekly,2023-07-03
1362,User_362,28.0,Male,199.93584294441803,Books,2.0,Daily,2023-03-01
1480,User_480,40.0,Female,304.5188697549739,Home,2.0,Monthly,2023-01-26
1111,User_111,,Female,154.0471619842201,Books,3.0,Weekly,2023-10-20
1990,User_990,83.0,Female,2254.6465304307176,Sports,3.0,Monthly,2023-08-01
1487,User_487,30.0,Male,266.18322772806886,Books,4.0,Daily,2023-12-08
1364,User_364,51.0,Female,-100.0,Home,5.0,Weekly,2023-04-02
1255,User_255,66.0,Male,796.3154221523345,Books,1.0,Weekly,2023-10-11
1260,User_260,54.0,Male,482.2991297466439,Home,5.0,Monthly,2023-05-16
1803,User_803,26.0,Male,1458.0606611722128,Electronics,2.0,Daily,2023-03-18
1678,User_678,37.0,Female,207.39760092272385,Clothing,2.0,Weekly,2023-10-31
1495,User_495,29.0,Male,729.6091480579762,Sports,1.0,Daily,2023-08-07
1671,User_671,,Male,,Home,3.0,Monthly,2023-11-30
1378,User_378,52.0,Male,2246.6500217712733,Books,2.0,Weekly,2023-10-23
1527,User_527,32.0,Male,1107.125891603161,Electronics,2.0,Weekly,2023-02-02
1846,User_846,35.0,Male,306.32866709382364,Home,5.0,Daily,2023-05-30
1138,User_138,60.0,Male,1489.9770567965322,Sports,3.0,Daily,2023-10-02
1356,User_356,66.0,Male,237.37508840994187,Clothing,3.0,Daily,2023-09-18
1366,User_366,52.0,Male,1181.5905391448305,Books,2.0,Weekly,2023-05-16
1943,User_943,47.0,Female,956.6712960423692,Electronics,4.0,Monthly,2023-09-21
1750,User_750,57.0,Female,439.94224598052483,Clothing,1.0,Monthly,2023-10-02
1949,User_949,67.0,Female,347.6985008074005,Electronics,5.0,Monthly,2023-01-28
1830,User_830,66.0,Female,1831.4024231444055,Home,1.0,Monthly,2023-04-19
1657,User_657,38.0,Male,484.93732560191455,Electronics,4.0,Weekly,2023-06-24
1200,User_200,64.0,Male,667.0433888009006,Books,,Monthly,2023-07-26
1214,User_214,20.0,Male,457.13906316973623,Electronics,5.0,Daily,2023-06-11
1409,User_409,70.0,Female,1406.6526928418496,Home,6.0,Weekly,2023-03-07
1333,User_333,67.0,Female,530.1432759780994,Books,0.0,Monthly,2023-03-23
1209,User_209,62.0,Female,170.70532480509507,Clothing,1.0,Monthly,2023-08-03
1614,User_614,25.0,Female,1112.1303990691092,Home,4.0,Daily,2023-02-28
1079,User_79,25.0,Male,960.3219327752427,Clothing,2.0,Daily,2023-08-13
1030,User_30,66.0,Female,547.8781205037373,Electronics,1.0,Weekly,2023-09-17
1536,User_536,43.0,Female,279.11892908937705,Home,2.0,Monthly,2023-08-04
1696,User_696,39.0,Female,259.92713285067634,Clothing,5.0,Daily,2023-09-07
1558,User_558,23.0,Female,438.8753706225574,Home,2.0,Weekly,2023-01-15
1837,User_837,48.0,Male,931.2823556010588,Sports,3.0,Daily,2023-10-10
1597,User_597,57.0,Male,623.669009385781,Sports,3.0,Daily,2023-01-27
1166,User_166,45.0,Male,487.436663787704,Books,3.0,Monthly,2023-07-19
1919,User_919,30.0,Female,417.33746270941197,Home,2.0,Monthly,2023-08-29
1496,User_496,61.0,Male,216.51888828097185,Clothing,1.0,Weekly,2023-10-08
1825,User_825,,Female,548.5882386021739,Electronics,6.0,Daily,2023-01-31
1066,User_66,63.0,Female,2272.517827185659,Electronics,3.0,Weekly,2023-05-16
1142,User_142,68.0,Male,770.8450395008691,Books,3.0,Weekly,2023-04-04
1926,User_926,63.0,Male,137.79371673037235,Home,4.0,Daily,2023-03-24
1828,User_828,34.0,Female,560.7361145168725,Sports,1.0,Daily,2023-04-17
1656,User_656,54.0,Male,222.58241455818444,Books,5.0,Monthly,2023-11-28
1332,User_332,23.0,Male,,Books,5.0,Weekly,2023-05-17
1665,User_665,50.0,Male,525.9732878996751,Clothing,3.0,Monthly,2023-08-24
1250,User_250,39.0,Male,,Home,2.0,Weekly,2023-11-10
1908,User_908,35.0,Male,242.77786917265755,Books,1.0,Monthly,2023-08-29
1709,User_709,31.0,Female,335.5725242403699,Books,1.0,Weekly,2023-02-13
1306,User_306,43.0,Male,191.49942640861843,Sports,3.0,Daily,2023-03-07
1735,User_735,51.0,Female,255.06171893746125,Home,4.0,Monthly,2023-06-26
1976,User_976,78.0,Female,,Home,2.0,Weekly,2023-10-10
1050,User_50,48.0,Female,243.32016486919926,Electronics,1.0,Weekly,2023-06-07
1897,User_897,43.0,Female,258.13598416458944,Sports,2.0,Monthly,2023-02-16
1003,User_3,50.0,Male,181.39191214562106,Clothing,4.0,Monthly,2023-08-05
1545,User_545,24.0,Male,303.8483544038987,Sports,2.0,Monthly,2023-06-30
1351,User_351,41.0,Female,567.4819944042536,Sports,5.0,Weekly,2023-05-23
1905,User_905,,Male,463.7479079652805,Books,2.0,Weekly,2023-10-23
1537,User_537,58.0,Female,485.5687009475845,Electronics,1.0,Weekly,2023-07-19
1345,User_345,54.0,Male,3777.5792247391996,Sports,3.0,Monthly,2023-04-25
1995,User_995,84.0,Female,312.27471480611734,Home,3.0,Weekly,2023-10-10
1482,User_482,43.0,Female,455.12214431398326,Clothing,5.0,Daily,2023-05-08
1576,User_576,37.0,Female,659.4582895836907,Electronics,4.0,Weekly,2023-11-26
1034,User_34,42.0,Female,763.1262503563239,Electronics,2.0,Weekly,2023-11-24
1032,User_32,38.0,Male,1968.5577832985452,Clothing,3.0,Daily,2023-11-17
1232,User_232,56.0,Female,568.047314179838,Books,5.0,Monthly,2023-10-16
1964,User_964,17.0,Male,689.3384834434158,Clothing,1.0,Monthly,2023-12-24
1193,User_193,53.0,Male,897.3463733159007,Sports,2.0,Monthly,2023-02-11
1334,User_334,27.0,Male,1410.2495306625221,Home,5.0,Monthly,2023-12-26
1004,User_4,70.0,Male,778.356431361173,Books,3.0,Daily,2023-11-02
1205,User_205,40.0,Female,1692.2338787726928,Books,3.0,Daily,2023-11-01
1515,User_515,40.0,Female,687.4499958195025,Home,2.0,Weekly,2023-06-21
1800,User_800,19.0,Male,176.5242141572412,Clothing,4.0,Weekly,2023-12-18
1307,User_307,68.0,Female,437.03342818835773,Clothing,3.0,Daily,2023-01-22
1110,User_110,32.0,Male,1240.9933486088898,Books,4.0,Daily,2023-03-09
1431,User_431,53.0,Male,195.31238746105487,Books,5.0,Daily,2023-08-15
1078,User_78,48.0,Female,537.0783009913424,Sports,4.0,Daily,2023-07-11
1085,User_85,29.0,Male,374.2968958454254,Sports,3.0,Weekly,2023-02-02
1287,User_287,53.0,Male,,Home,4.0,Monthly,2023-05-15
1083,User_83,20.0,Male,695.5286441338229,Electronics,5.0,Monthly,2023-05-07
1992,User_992,75.0,Female,453.81896577877603,Electronics,1.0,Monthly,2023-08-30
1790,User_790,36.0,Male,756.3180263596819,Sports,1.0,Weekly,2023-01-27
1895,User_895,60.0,Female,2183.201282198763,Home,3.0,Monthly,2023-05-09
1399,User_399,50.0,Female,1903.995016866188,Sports,5.0,Weekly,2023-06-03
1324,User_324,55.0,Female,3221.614745815435,Sports,2.0,Monthly,2023-04-01
1520,User_520,43.0,Female,173.0466450553961,Books,5.0,Weekly,2023-03-19
1917,User_917,51.0,Female,,Books,3.0,Monthly,2023-09-09
1923,User_923,,Male,939.4093637528073,Clothing,1.0,Weekly,2023-06-14
1006,User_6,30.0,Female,717.4452452636667,Clothing,1.0,Monthly,2023-07-17
1732,User_732,53.0,Male,210.34995830917936,Sports,2.0,Monthly,2023-08-31
1466,User_466,68.0,Male,1094.7159197912843,Electronics,5.0,Weekly,2023-09-11
1098,User_98,31.0,Female,335.1510714119681,Books,3.0,Monthly,2023-04-28
1267,User_267,54.0,Female,569.3619634011127,Clothing,,Monthly,2023-11-06
1358,User_358,61.0,Female,,Books,1.0,Daily,2023-12-14
1869,User_869,26.0,Male,672.2256805049652,Sports,1.0,Weekly,2023-03-14
1799,User_799,43.0,Male,503.6382279749075,Electronics,3.0,Daily,2023-11-19
1381,User_381,22.0,Female,673.1501894235465,Books,4.0,Daily,2023-01-23
1632,User_632,18.0,Female,526.612198495068,Books,1.0,Weekly,2023-12-13
1382,User_382,36.0,Female,1291.1058976643224,Clothing,4.0,Weekly,2023-12-29
1491,User_491,50.0,Female,177.77256398842766,Electronics,1.0,Daily,2023-06-12
1119,User_119,47.0,Female,605.7077407192952,Books,2.0,Monthly,2023-02-19
1901,User_901,32.0,Male,326.80086744451444,Electronics,3.0,Daily,2023-10-28
1251,User_251,51.0,Female,693.8782700615494,Clothing,3.0,Monthly,2023-12-01
1524,User_524,18.0,Male,767.444884706331,Electronics,1.0,Daily,2023-03-20
1010,User_10,30.0,Female,6209.883021616601,Books,4.0,Daily,2023-09-28
1197,User_197,52.0,Female,162.6388227336056,Books,2.0,Daily,2023-02-04
1604,User_604,67.0,Female,5000.0,Books,4.0,Weekly,2023-01-16
1082,User_82,51.0,Female,-100.0,Books,1.0,Monthly,2023-03-03
1784,User_784,39.0,Female,399.32406843097056,Sports,5.0,Monthly,2023-05-26
1588,User_588,36.0,Male,1222.1758258923296,Electronics,3.0,Monthly,2023-06-22
1798,User_798,26.0,Male,396.4184713564483,Electronics,3.0,Daily,2023-10-23
1240,User_240,42.0,Female,815.1720355379534,Clothing,1.0,Weekly,2023-06-28
1291,User_291,19.0,Male,97.94005039446151,Home,,Daily,2023-12-28
1212,User_212,68.0,Male,389.0820371630847,Books,4.0,Weekly,2023-10-17
1718,User_718,60.0,Female,275.1935254695906,Clothing,1.0,Weekly,2023-12-31
1360,User_360,31.0,Male,849.6334243509947,Home,1.0,Daily,2023-06-19
1450,User_450,62.0,Female,697.2708560804974,Books,3.0,Weekly,2023-04-26
1228,User_228,45.0,Female,146.92519788316528,Home,3.0,Monthly,2023-02-07
1951,User_951,11.0,Male,389.61883937084934,Home,1.0,Weekly,2023-09-23
1947,User_947,31.0,Male,1130.6994180869851,Clothing,4.0,Daily,2023-08-25
1797,User_797,51.0,Male,926.2270865409198,Electronics,5.0,Daily,2023-02-07
1502,User_502,25.0,Male,1445.665361695878,Home,4.0,Daily,2023-05-07
1465,User_465,68.0,Female,10000.0,Sports,1.0,Weekly,2023-07-16
1363,User_363,26.0,Male,344.5650269420772,Clothing,5.0,Weekly,2023-05-14
1469,User_469,43.0,Male,,Sports,3.0,Weekly,2023-03-17
1936,User_936,27.0,Male,620.7856888047997,Sports,7.0,Monthly,2023-08-21
1429,User_429,56.0,Male,390.471559594982,Sports,1.0,Daily,2023-06-14
1008,User_8,65.0,Male,567.8744261013115,Clothing,2.0,Weekly,2023-11-02
1156,User_156,20.0,Female,2781.999518425832,Books,3.0,Weekly,2023-03-27
1542,User_542,,Female,401.1905123859072,Books,,Daily,2023-07-14
1441,User_441,27.0,Male,99.96851945591143,Sports,4.0,Monthly,2023-09-21
1483,User_483,63.0,Male,148.90335056549992,Books,3.0,Weekly,2023-03-04
1423,User_423,32.0,Female,407.783223973563,Sports,2.0,Daily,2023-05-27
1779,User_779,57.0,Female,259.12458342990675,Home,4.0,Weekly,2023-11-23
1950,User_950,21.0,Male,520.8360184947683,Books,3.0,Monthly,2023-04-07
1335,User_335,22.0,Female,319.81485604328367,Sports,5.0,Weekly,2023-02-25
1577,User_577,39.0,Male,253.8567250639947,Sports,2.0,Monthly,2023-08-08
1935,User_935,64.0,Female,625.3658585848837,Books,,Weekly,2023-01-19
1568,User_568,67.0,Female,853.6806640006454,Clothing,5.0,Monthly,2023-10-01
1595,User_595,47.0,Female,1211.7718613172317,Sports,3.0,Daily,2023-01-10
1531,User_531,70.0,Male,714.824007337756,Sports,1.0,Daily,2023-10-05
1582,User_582,18.0,Male,366.7998912547296,Sports,2.0,Monthly,2023-05-14
1708,User_708,34.0,Female,104.66711832035989,Clothing,4.0,Monthly,2023-04-08
1449,User_449,53.0,Male,280.77388946687324,Sports,5.0,Daily,2023-06-08
1454,User_454,46.0,Female,318.9315342013714,Home,1.0,Monthly,2023-01-24
1229,User_229,27.0,Male,-100.0,Electronics,3.0,Monthly,2023-01-05
1353,User_353,52.0,Male,135.021140736917,Books,1.0,Monthly,2023-05-23
1729,User_729,35.0,Male,704.0152907473512,Home,1.0,Monthly,2023-12-06
1213,User_213,24.0,Male,499.4502765743887,Clothing,1.0,Daily,2023-09-25
1080,User_80,56.0,Female,331.70210925807123,Electronics,4.0,Daily,2023-09-22
1149,User_149,25.0,Male,309.89677892462987,Books,1.0,Weekly,2023-02-20
1303,User_303,32.0,Male,810.7157475342657,Electronics,,Daily,2023-10-10
1629,User_629,24.0,Male,853.4208523731709,Electronics,2.0,Weekly,2023-01-14
1778,User_778,56.0,Female,,Home,3.0,Weekly,2023-03-06
1507,User_507,26.0,Female,409.06025714909697,Electronics,2.0,Daily,2023-11-17
1343,User_343,37.0,Male,221.0934310584704,Books,5.0,Weekly,2023-06-06
1486,User_486,43.0,Female,400.10523796720327,Clothing,5.0,Monthly,2023-08-26
1712,User_712,19.0,Female,430.35019867519935,Home,2.0,Daily,2023-09-08
1134,User_134,,Male,225.1995012828703,Sports,5.0,Daily,2023-02-25
1704,User_704,49.0,Female,944.2261374987556,Books,4.0,Monthly,2023-05-22
1312,User_312,43.0,Male,1078.7181539034225,Books,4.0,Weekly,2023-04-18
1723,User_723,62.0,Female,1246.1735760065392,Electronics,,Weekly,2023-05-31
1630,User_630,46.0,Male,83.88259323598459,Books,3.0,Daily,2023-06-09
1001,User_1,34.0,Male,716.838660243084,Sports,3.0,Weekly,2023-03-23
1317,User_317,37.0,Male,,Books,3.0,Daily,2023-07-01
1707,User_707,68.0,Female,209.47397867338586,Books,3.0,Weekly,2023-09-22
1548,User_548,51.0,Female,780.7817815367878,Electronics,3.0,Monthly,2023-08-03
1873,User_873,67.0,Female,508.3104838901565,Electronics,2.0,Daily,2023-06-07
1533,User_533,27.0,Male,639.1514499832282,Home,3.0,Daily,2023-08-01
1478,User_478,23.0,Female,98.25051089348315,Sports,2.0,Weekly,2023-09-23
1405,User_405,50.0,Female,487.9326472073927,Books,,Monthly,2023-07-26
1173,User_173,58.0,Male,457.8733148863891,Clothing,3.0,Weekly,2023-12-05
1126,User_126,27.0,Female,362.655731293982,Books,4.0,Daily,2023-01-28
1395,User_395,31.0,Male,324.81927298355606,Electronics,5.0,Weekly,2023-11-16
1421,User_421,59.0,Female,914.5990434498424,Books,1.0,Daily,2023-01-01
1553,User_553,68.0,Male,302.26015493946915,Home,1.0,Daily,2023-09-07
1904,User_904,,Male,597.5504896169202,Home,4.0,Daily,2023-05-18
1091,User_91,34.0,Female,653.9364812003224,Sports,5.0,Weekly,2023-10-29
1940,User_940,37.0,Female,382.44977462737205,Home,3.0,Weekly,2023-06-15
1182,User_182,44.0,Male,685.2438236038807,Clothing,5.0,Weekly,2023-02-01
1275,User_275,21.0,Male,377.05610458919244,Books,4.0,Monthly,2023-09-08
1896,User_896,57.0,Female,979.8976017104076,Home,3.0,Daily,2023-01-14
1070,User_70,30.0,Female,430.58954335885494,Electronics,5.0,Weekly,2023-04-19
1292,User_292,37.0,Male,1161.0972338753077,Home,5.0,Daily,2023-08-07
1132,User_132,22.0,Male,1164.5609408686971,Electronics,,Weekly,2023-07-26
1301,User_301,68.0,Male,10000.0,Home,5.0,Daily,2023-07-09
1425,User_425,46.0,Female,692.3856332075128,Electronics,3.0,Weekly,2023-08-09
1327,User_327,53.0,Male,3514.3889893615424,Books,4.0,Weekly,2023-04-02
1145,User_145,33.0,Female,829.7524677976076,Sports,5.0,Weekly,2023-05-08
1424,User_424,64.0,Male,358.8429874525642,Clothing,4.0,Weekly,2023-04-18
1581,User_581,24.0,Female,202.0306338251621,Books,4.0,Monthly,2023-01-26
1136,User_136,,Male,547.9722015765832,Clothing,5.0,Weekly,2023-04-09
1451,User_451,41.0,Female,782.499808729484,Books,4.0,Daily,2023-04-12
1165,User_165,35.0,Female,250.96198572536085,Electronics,3.0,Daily,2023-01-02
1029,User_29,64.0,Female,1191.503334981809,Home,1.0,Weekly,2023-04-02
1774,User_774,57.0,Female,540.1761201617197,Electronics,4.0,Weekly,2023-01-28
1194,User_194,18.0,Male,277.5967830239709,Sports,,Daily,2023-04-06
1389,User_389,42.0,Male,127.7659994094383,Electronics,6.0,Weekly,2023-04-11
1853,User_853,43.0,Male,648.129108858056,Electronics,2.0,Monthly,2023-08-21
1170,User_170,23.0,Female,366.4505163963642,Sports,1.0,Monthly,2023-08-05
1706,User_706,67.0,Male,229.77861676510366,Sports,4.0,Daily,2023-01-06
1141,User_141,28.0,Female,1355.814691937982,Electronics,2.0,Weekly,2023-08-05
1174,User_174,29.0,Female,736.7375897090293,Electronics,2.0,Daily,2023-09-07
1007,User_7,45.0,Male,126.56983815766561,Sports,5.0,Weekly,2023-07-15
1746,User_746,44.0,Female,,Books,1.0,Monthly,2023-03-03
1479,User_479,25.0,Male,314.16545524955836,Clothing,1.0,Weekly,2023-08-26
1074,User_74,57.0,Female,884.4556709212314,Books,2.0,Weekly,2023-06-09
1911,User_911,62.0,Male,463.113862808722,Home,1.0,Weekly,2023-08-15
1814,User_814,20.0,Female,265.6299494021721,Sports,3.0,Weekly,2023-04-26
1239,User_239,37.0,Male,183.11725468518216,Sports,2.0,Monthly,2023-03-09
1146,User_146,48.0,Male,2395.232108631015,Electronics,3.0,Daily,2023-02-08
1793,User_793,60.0,Male,2479.644081470018,Electronics,5.0,Daily,2023-02-28
1235,User_235,61.0,Female,566.3013932160569,Books,0.0,Daily,2023-10-03
1221,User_221,35.0,Male,307.0336737107661,Home,1.0,Daily,2023-07-22
1924,User_924,52.0,Male,581.0516284731906,Books,1.0,Daily,2023-12-10
1501,User_501,54.0,Male,177.9923034568505,Books,5.0,Monthly,2023-05-13
1133,User_133,51.0,Male,817.0439444701807,Sports,4.0,Weekly,2023-06-23
1991,User_991,76.0,Female,252.45593946872313,Books,2.0,Weekly,2023-09-05
1775,User_775,28.0,Female,176.55784149884497,Home,2.0,Monthly,2023-10-11
1186,User_186,,Male,1830.6066878524325,Home,1.0,Weekly,2023-10-27
1042,User_42,52.0,Male,456.77791096306066,Clothing,1.0,Weekly,2023-09-29
1697,User_697,61.0,Male,558.4150473441379,Books,1.0,Weekly,2023-04-19
1109,User_109,47.0,Female,170.51719881256628,Home,5.0,Monthly,2023-10-04
1589,User_589,49.0,Female,,Home,4.0,Daily,2023-07-14
1057,User_57,70.0,Female,769.501519961351,Sports,5.0,Weekly,2023-09-06
1406,User_406,64.0,Female,539.5416865742383,Home,7.0,Daily,2023-12-23
1443,User_443,27.0,Male,65.88885043024676,Home,4.0,Monthly,2023-11-21
1758,User_758,34.0,Male,484.22793189742237,Home,5.0,Daily,2023-09-26
1998,User_998,72.0,Female,440.24549291042524,Clothing,4.0,Monthly,2023-04-08
1025,User_25,50.0,Female,1018.4079104431569,Home,4.0,Daily,2023-08-21
1468,User_468,53.0,Male,212.4367059236846,Books,2.0,Weekly,2023-05-05
1540,User_540,42.0,Female,87.40247764475977,Home,5.0,Monthly,2023-01-11
1532,User_532,26.0,Female,563.0240038540561,Electronics,4.0,Weekly,2023-08-27
1619,User_619,27.0,Male,5000.0,Books,2.0,Daily,2023-05-12
1695,User_695,69.0,Female,56.188615185465935,Electronics,4.0,Monthly,2023-04-04
1927,User_927,69.0,Male,158.86231940817692,Home,1.0,Monthly,2023-06-18
1339,User_339,19.0,Female,255.16307934941474,Home,1.0,Weekly,2023-04-24
1052,User_52,55.0,Female,288.2000180982606,Home,2.0,Monthly,2023-01-30
1508,User_508,68.0,Male,213.32517524182552,Home,3.0,Monthly,2023-05-03
1517,User_517,63.0,Female,446.80509832630474,Books,3.0,Monthly,2023-10-04
1921,User_921,35.0,Male,1017.8890023037023,Sports,5.0,Weekly,2023-07-29
1782,User_782,64.0,Male,418.12305562355823,Sports,1.0,Weekly,2023-01-07
1265,User_265,62.0,Male,577.4555685714515,Clothing,1.0,Monthly,2023-05-20
1818,User_818,61.0,Male,464.0665827923347,Electronics,4.0,Monthly,2023-08-15
1711,User_711,,Male,566.3050366647262,Books,5.0,Monthly,2023-07-28
1683,User_683,40.0,Male,655.1953934629066,Electronics,2.0,Monthly,2023-05-23
1833,User_833,33.0,Male,704.7812294035484,Clothing,3.0,Weekly,2023-02-11
1519,User_519,38.0,Female,946.6164060205315,Electronics,4.0,Monthly,2023-03-12
1448,User_448,64.0,Female,2444.4044009545664,Clothing,1.0,Weekly,2023-12-11
1019,User_19,19.0,Female,544.6393092364432,Clothing,3.0,Daily,2023-11-25
1716,User_716,26.0,Female,922.3963625198234,Clothing,3.0,Weekly,2023-09-01
1484,User_484,60.0,Female,997.930690789085,Home,3.0,Weekly,2023-08-22
1569,User_569,38.0,Male,,Electronics,4.0,Monthly,2023-01-14
1434,User_434,50.0,Female,277.2873850846037,Books,1.0,Weekly,2023-04-20
1368,User_368,18.0,Female,5000.0,Books,1.0,Daily,2023-02-25
1084,User_84,67.0,Female,598.6314488063072,Electronics,5.0,Daily,2023-04-26
1062,User_62,34.0,Male,,Sports,3.0,Daily,2023-12-04
1639,User_639,20.0,Female,593.009364990116,Sports,5.0,Monthly,2023-11-18
1273,User_273,23.0,Female,135.5343443153596,Electronics,2.0,Monthly,2023-05-16
1286,User_286,54.0,Male,240.0076261346903,Sports,1.0,Daily,2023-11-23
1361,User_361,,Female,405.11047454130806,Books,5.0,Daily,2023-01-15
1355,User_355,48.0,Female,1159.657983668334,Clothing,2.0,Daily,2023-11-25
1457,User_457,46.0,Female,543.8014607212826,Books,2.0,Daily,2023-11-09
1279,User_279,48.0,Male,1311.0086533858273,Home,3.0,Daily,2023-11-21
1013,User_13,23.0,Male,81.73368686435575,Home,3.0,Daily,2023-01-06
1183,User_183,26.0,Female,,Home,1.0,Daily,2023-06-10
1369,User_369,57.0,Male,210.45643742073972,Sports,3.0,Monthly,2023-11-02
1882,User_882,35.0,Female,751.9293933602386,Clothing,0.0,Weekly,2023-12-25
1616,User_616,56.0,Male,187.8956144308243,Electronics,,Weekly,2023-04-22
1224,User_224,68.0,Female,-100.0,Clothing,2.0,Monthly,2023-11-27
1573,User_573,37.0,Male,509.1738100415604,Electronics,4.0,Daily,2023-12-06
1971,User_971,14.0,Female,1218.8072420390663,Books,2.0,Monthly,2023-12-30
1654,User_654,21.0,Male,628.135432923677,Books,2.0,Weekly,2023-02-05
1546,User_546,35.0,Female,463.7502176953314,Clothing,4.0,Weekly,2023-06-02
1583,User_583,49.0,Female,633.989499086678,Books,,Monthly,2023-07-14
1634,User_634,41.0,Male,5000.0,Books,5.0,Monthly,2023-07-23
1177,User_177,51.0,Male,991.3091395597285,Books,4.0,Daily,2023-06-01
1666,User_666,40.0,Male,10000.0,Electronics,4.0,Daily,2023-12-29
1674,User_674,19.0,Female,861.4352822902404,Electronics,3.0,Monthly,2023-10-03
1586,User_586,40.0,Male,2525.9881717057515,Sports,1.0,Monthly,2023-08-21
1874,User_874,40.0,Male,557.4945153267014,Sports,2.0,Daily,2023-11-01
1394,User_394,57.0,Female,414.90683257671014,Home,2.0,Weekly,2023-06-19
1164,User_164,22.0,Female,99.69055369951461,Electronics,1.0,Weekly,2023-07-14
1249,User_249,64.0,Male,554.6988792112336,Clothing,4.0,Daily,2023-06-04
1635,User_635,,Female,915.1300578613665,Electronics,2.0,Monthly,2023-04-12
1886,User_886,31.0,Male,555.0180950941425,Sports,1.0,Monthly,2023-10-04
1670,User_670,36.0,Male,921.4926452158962,Sports,2.0,Monthly,2023-09-25
1376,User_376,31.0,Female,142.64727636357296,Electronics,1.0,Daily,2023-03-01
1413,User_413,56.0,Female,1338.5102400895155,Clothing,1.0,Monthly,2023-07-14
1075,User_75,49.0,Male,847.7955660473497,Sports,4.0,Weekly,2023-07-24
1114,User_114,,Female,362.1113606097549,Sports,1.0,Weekly,2023-05-05
1599,User_599,35.0,Female,319.8580454175985,Sports,6.0,Monthly,2023-04-25
1962,User_962,10.0,Male,1122.5716327941573,Home,4.0,Daily,2023-05-28
1391,User_391,57.0,Male,1248.3012196654165,Clothing,5.0,Weekly,2023-08-09
1105,User_105,55.0,Female,-100.0,Home,2.0,Daily,2023-05-23
1115,User_115,55.0,Male,640.8505613387177,Electronics,4.0,Monthly,2023-08-31
1418,User_418,24.0,Female,393.1752875694845,Clothing,1.0,Daily,2023-06-04
1526,User_526,57.0,Male,754.7686385805948,Sports,5.0,Monthly,2023-04-20
1458,User_458,64.0,Female,869.1967018804083,Home,4.0,Daily,2023-02-07
1410,User_410,57.0,Female,858.7905439355147,Clothing,4.0,Monthly,2023-04-09
1093,User_93,64.0,Female,736.5209665750943,Sports,1.0,Daily,2023-01-04
1931,User_931,70.0,Male,175.85188678664946,Books,1.0,Daily,2023-05-28
1090,User_90,47.0,Female,10000.0,Electronics,,Daily,2023-04-28
1337,User_337,27.0,Male,1052.7404461560686,Clothing,4.0,Weekly,2023-01-20
1989,User_989,74.0,Female,634.9549767415318,Home,3.0,Daily,2023-05-20
1922,User_922,49.0,Male,,Books,4.0,Monthly,2023-06-20
1934,User_934,61.0,Male,3264.866966128434,Clothing,1.0,Monthly,2023-10-09
1606,User_606,45.0,Male,232.26544299164166,Electronics,3.0,Daily,2023-04-13
1594,User_594,,Female,1770.9968659290105,Electronics,1.0,Weekly,2023-08-29
1612,User_612,21.0,Female,248.37873647567292,Electronics,2.0,Daily,2023-08-31
1095,User_95,32.0,Female,3686.5154423004,Clothing,2.0,Monthly,2023-12-29
1012,User_12,52.0,Male,289.2378077012714,Clothing,3.0,Daily,2023-10-11
1397,User_397,68.0,Female,167.95653710286481,Clothing,5.0,Daily,2023-12-06
1534,User_534,69.0,Male,431.22102320956964,Clothing,4.0,Weekly,2023-02-01
1044,User_44,38.0,Female,436.1660048339021,Sports,5.0,Weekly,2023-11-03
1043,User_43,,Female,592.1158712123387,Books,1.0,Daily,2023-01-01
1330,User_330,20.0,Female,335.78481153934223,Books,2.0,Monthly,2023-12-09
1168,User_168,39.0,Male,337.1947129910569,Books,6.0,Monthly,2023-08-21
1498,User_498,65.0,Female,883.676181675493,Sports,2.0,Weekly,2023-03-23
1877,User_877,48.0,Female,2862.988547538922,Books,2.0,Daily,2023-08-13
1598,User_598,36.0,Male,124.71154276636582,Clothing,1.0,Monthly,2023-06-29
1757,User_757,62.0,Female,522.122413507491,Electronics,1.0,Monthly,2023-10-29
1101,User_101,68.0,Male,743.2765289792374,Clothing,2.0,Weekly,2023-06-19
1427,User_427,69.0,Male,557.9904595164363,Home,2.0,Daily,2023-11-07
1179,User_179,31.0,Male,5907.003399279478,Electronics,3.0,Daily,2023-01-30
1445,User_445,55.0,Female,,Home,1.0,Monthly,2023-06-21
1417,User_417,20.0,Male,237.32746003039523,Home,2.0,Daily,2023-10-19
1871,User_871,65.0,Male,967.5155020021363,Books,3.0,Monthly,2023-01-31
1883,User_883,59.0,Male,,Clothing,5.0,Weekly,2023-07-26
1681,User_681,19.0,Female,972.6994957311027,Books,,Daily,2023-05-06
1178,User_178,66.0,Male,910.9600725173597,Sports,5.0,Monthly,2023-04-22
1396,User_396,49.0,Female,580.7630701387599,Home,4.0,Daily,2023-06-10
1912,User_912,59.0,Male,818.6300156550685,Home,2.0,Monthly,2023-05-23
1794,User_794,34.0,Female,113.94172055489456,Home,1.0,Monthly,2023-02-03
1961,User_961,16.0,Male,188.9443966050589,Clothing,2.0,Monthly,2023-03-09
1685,User_685,37.0,Male,742.0303425554825,Clothing,1.0,Monthly,2023-05-05
1384,User_384,43.0,Male,,Sports,,Weekly,2023-01-01
1957,User_957,14.0,Female,783.1642275437835,Sports,3.0,Weekly,2023-01-27
1752,User_752,29.0,Male,1206.4173222990103,Home,5.0,Monthly,2023-04-05
1258,User_258,59.0,Female,306.4120585893041,Books,5.0,Monthly,2023-02-23
1539,User_539,69.0,Male,230.6779407094289,Books,3.0,Daily,2023-12-23
1336,User_336,40.0,Female,743.101442631506,Books,1.0,Weekly,2023-07-15
1016,User_16,22.0,Male,120.36261841290323,Books,1.0,Monthly,2023-12-16
1325,User_325,54.0,Female,748.3979764983618,Sports,5.0,Weekly,2023-07-31
1759,User_759,43.0,Male,487.41588523539355,Electronics,1.0,Weekly,2023-11-02
1223,User_223,52.0,Female,242.35450511631365,Clothing,3.0,Weekly,2023-12-10
1180,User_180,43.0,Male,650.6176284244851,Clothing,1.0,Weekly,2023-10-24
1984,User_984,77.0,Male,382.2686087682289,Clothing,3.0,Monthly,2023-03-20
1023,User_23,62.0,Female,511.05321901236584,Electronics,,Monthly,2023-08-11
1357,User_357,22.0,Female,698.1574697643871,Sports,4.0,Weekly,2023-07-24
1667,User_667,,Female,238.98200323120437,Books,1.0,Weekly,2023-03-20
1862,User_862,38.0,Male,171.26204377933834,Home,5.0,Daily,2023-08-06
1341,User_341,57.0,Male,340.5957628146189,Clothing,1.0,Monthly,2023-08-24
1432,User_432,46.0,Female,143.98687351236654,Sports,5.0,Monthly,2023-08-15
1552,User_552,61.0,Female,485.60718115168777,Books,,Weekly,2023-04-23
1834,User_834,41.0,Female,186.57962571065852,Home,1.0,Weekly,2023-03-22
1204,User_204,45.0,Male,10000.0,Home,1.0,Monthly,2023-10-24
1631,User_631,25.0,Male,1283.7181636504465,Clothing,3.0,Monthly,2023-10-22
1094,User_94,40.0,Female,1952.1063297463982,Home,0.0,Monthly,2023-02-06
1559,User_559,70.0,Female,5000.0,Electronics,5.0,Daily,2023-07-19
1069,User_69,62.0,Female,297.89540124154956,Electronics,2.0,Daily,2023-08-05
1623,User_623,51.0,Male,175.06746346069838,Electronics,1.0,Weekly,2023-11-07
1285,User_285,57.0,Female,152.1301419397897,Clothing,3.0,Monthly,2023-03-08
1845,User_845,42.0,Male,411.8239173797598,Books,3.0,Weekly,2023-08-29
1435,User_435,54.0,Female,1405.3736304351262,Books,,Daily,2023-09-19
1154,User_154,20.0,Male,1726.5533233226947,Sports,1.0,Weekly,2023-02-17
1076,User_76,51.0,Female,474.17496375324544,Books,5.0,Monthly,2023-12-10
1731,User_731,,Male,315.5051801535657,Home,3.0,Daily,2023-07-08
1447,User_447,48.0,Male,664.1095682290339,Electronics,1.0,Monthly,2023-05-01
1189,User_189,60.0,Male,177.3674602649643,Electronics,3.0,Weekly,2023-09-29
1272,User_272,23.0,Female,346.538556705829,Electronics,0.0,Weekly,2023-11-21
1237,User_237,34.0,Female,325.981570194371,Electronics,3.0,Monthly,2023-09-17
1488,User_488,57.0,Female,314.7050721569742,Home,4.0,Weekly,2023-09-29
1118,User_118,32.0,Female,1366.1363755721072,Books,5.0,Weekly,2023-02-18
1944,User_944,66.0,Male,309.3674516958335,Clothing,3.0,Weekly,2023-01-01
1513,User_513,39.0,Male,144.57692298160296,Sports,5.0,Monthly,2023-05-01
1826,User_826,61.0,Female,539.2775050581789,Clothing,4.0,Weekly,2023-11-09
1592,User_592,66.0,Female,-100.0,Clothing,2.0,Monthly,2023-05-10
1127,User_127,34.0,Female,302.5974984740264,Sports,2.0,Weekly,2023-12-11
1117,User_117,41.0,Male,1013.7988992683662,Electronics,3.0,Monthly,2023-04-08
1474,User_474,28.0,Female,341.3247913718221,Home,2.0,Monthly,2023-08-06
1694,User_694,52.0,Female,83.18860465816027,Sports,1.0,Monthly,2023-06-16
1058,User_58,54.0,Male,280.58712414824186,Sports,4.0,Daily,2023-02-05
1864,User_864,24.0,Female,218.9863954967073,Home,2.0,Daily,2023-10-06
1913,User_913,61.0,Male,783.622323442016,Electronics,5.0,Weekly,2023-04-03
1370,User_370,39.0,Male,272.58826386291395,Home,1.0,Weekly,2023-08-11
1269,User_269,70.0,Male,964.2473937174569,Books,4.0,Weekly,2023-06-25
1047,User_47,45.0,Female,10000.0,Books,4.0,Monthly,2023-01-10
1350,User_350,32.0,Male,207.44459604452106,Home,1.0,Weekly,2023-06-18
1196,User_196,66.0,Female,143.69098589605787,Sports,3.0,Daily,2023-11-01
2000,User_1000,80.0,Male,293.4917645598712,Home,1.0,Monthly,2023-09-18
1835,User_835,36.0,Male,2333.4462113378204,Electronics,2.0,Daily,2023-05-03
1737,User_737,54.0,Female,717.6619300207816,Clothing,1.0,Daily,2023-10-09
1264,User_264,,Male,739.2325929796044,Electronics,1.0,Monthly,2023-03-21
1444,User_444,50.0,Female,503.9928942277632,Sports,3.0,Weekly,2023-11-14
1676,User_676,64.0,Male,1147.4808197936536,Home,5.0,Weekly,2023-08-27
1305,User_305,25.0,Female,529.3694217592628,Sports,1.0,Monthly,2023-08-09
1342,User_342,19.0,Female,1238.7599117107345,Books,1.0,Monthly,2023-06-29
1967,User_967,12.0,Male,1165.7239580240205,Books,1.0,Monthly,2023-01-15
1150,User_150,21.0,Female,483.3379495422637,Electronics,4.0,Monthly,2023-01-26
1125,User_125,21.0,Male,487.24657666068896,Clothing,3.0,Monthly,2023-08-28
1787,User_787,53.0,Male,231.6652775065388,Clothing,5.0,Monthly,2023-08-14
1051,User_51,22.0,Male,360.4124767354846,Home,5.0,Weekly,2023-05-03
1354,User_354,47.0,Female,665.1799009047938,Books,3.0,Monthly,2023-06-29
1928,User_928,46.0,Female,61.89770187121362,Electronics,,Monthly,2023-07-30
1143,User_143,64.0,Female,376.7833240836526,Clothing,5.0,Monthly,2023-05-23
1471,User_471,44.0,Male,597.9417619776267,Clothing,1.0,Weekly,2023-12-19
1400,User_400,40.0,Male,988.7692349039658,Clothing,5.0,Daily,2023-09-17
1626,User_626,45.0,Female,786.1196721632376,Electronics,5.0,Monthly,2023-06-09
1321,User_321,18.0,Female,339.1858011987716,Sports,5.0,Monthly,2023-03-21
1020,User_20,27.0,Male,592.1240409397444,Clothing,1.0,Weekly,2023-06-24
1810,User_810,59.0,Male,627.9737519102653,Electronics,1.0,Weekly,2023-08-02
1791,User_791,52.0,Female,512.3126019979408,Clothing,1.0,Daily,2023-05-10
1809,User_809,57.0,Female,489.18010777425195,Sports,3.0,Daily,2023-10-13
1408,User_408,31.0,Female,117.11739535049804,Books,1.0,Weekly,2023-10-11
1538,User_538,52.0,Male,1407.298404352853,Sports,4.0,Weekly,2023-10-27
1621,User_621,36.0,Female,599.4513836609059,Electronics,1.0,Monthly,2023-03-27
1039,User_39,50.0,Male,234.48331614845551,Clothing,3.0,Daily,2023-07-11
1176,User_176,63.0,Female,1124.4755131681957,Books,7.0,Daily,2023-04-08
1246,User_246,35.0,Female,415.5037878692667,Clothing,2.0,Monthly,2023-08-13
1829,User_829,27.0,Male,-100.0,Clothing,5.0,Monthly,2023-11-17
1668,User_668,36.0,Female,386.6522245698002,Home,3.0,Monthly,2023-08-11
1755,User_755,24.0,Female,-100.0,Clothing,2.0,Daily,2023-09-05
1859,User_859,34.0,Female,141.35681233759237,Sports,5.0,Weekly,2023-10-29
1155,User_155,49.0,Male,388.1365475391238,Sports,3.0,Daily,2023-05-02
1288,User_288,41.0,Male,1250.8113713379582,Home,1.0,Monthly,2023-03-24
1603,User_603,64.0,Female,487.5009833078293,Electronics,4.0,Daily,2023-01-21
1570,User_570,66.0,Male,209.8486865710283,Home,,Monthly,2023-07-21
1744,User_744,39.0,Male,766.049980395384,Sports,3.0,Monthly,2023-05-09
1018,User_18,42.0,Female,424.0863408509574,Home,2.0,Monthly,2023-05-17
1128,User_128,27.0,Male,196.92186661950257,Electronics,1.0,Weekly,2023-12-01
1323,User_323,31.0,Female,712.9116748138941,Books,0.0,Monthly,2023-03-25
1256,User_256,61.0,Male,257.73747616355445,Electronics,1.0,Daily,2023-06-03
1658,User_658,,Male,289.10317027609705,Books,2.0,Weekly,2023-01-07
1965,User_965,13.0,Male,364.45528632660205,Clothing,,Weekly,2023-09-06
1191,User_191,34.0,Male,1335.5006358156058,Clothing,5.0,Weekly,2023-01-30
1116,User_116,50.0,Female,465.06315684831213,Electronics,5.0,Weekly,2023-07-28
1617,User_617,20.0,Male,794.1839161275668,Home,5.0,Weekly,2023-08-27
1607,User_607,66.0,Male,1607.6061062608615,Home,3.0,Daily,2023-01-11
1181,User_181,62.0,Male,3923.9622607262836,Books,4.0,Weekly,2023-10-05
1302,User_302,19.0,Male,1801.4437686676524,Clothing,4.0,Daily,2023-10-26
1760,User_760,38.0,Male,1581.1170132029984,Books,5.0,Daily,2023-05-25
1713,User_713,62.0,Male,546.3456524783571,Electronics,2.0,Weekly,2023-10-12
1724,User_724,51.0,Male,364.478884477888,Clothing,3.0,Monthly,2023-04-24
1686,User_686,22.0,Female,248.57275727261938,Electronics,5.0,Weekly,2023-08-26
1980,User_980,84.0,Female,629.0783574837814,Home,2.0,Weekly,2023-02-28
1518,User_518,,Female,10000.0,Home,5.0,Monthly,2023-02-11
1985,User_985,74.0,Female,1429.6472949138897,Books,5.0,Monthly,2023-09-13
1046,User_46,23.0,Female,982.2151910508968,Books,4.0,Daily,2023-09-08
1910,User_910,33.0,Female,370.9001472195928,Electronics,2.0,Monthly,2023-11-30
1158,User_158,46.0,Female,1145.3789692173336,Home,4.0,Weekly,2023-09-06
1852,User_852,62.0,Female,1564.3056532213338,Sports,1.0,Daily,2023-12-26
1172,User_172,22.0,Male,652.8867874501788,Books,5.0,Weekly,2023-10-12
1017,User_17,64.0,Female,466.2779837869716,Sports,3.0,Weekly,2023-10-02
1512,User_512,58.0,Female,783.3028410076276,Clothing,5.0,Weekly,2023-05-27
1049,User_49,22.0,Female,392.8833698565361,Sports,4.0,Monthly,2023-07-05
1972,User_972,12.0,Male,2862.00739635906,Sports,3.0,Weekly,2023-03-23
1941,User_941,22.0,Female,328.072863318082,Clothing,2.0,Monthly,2023-03-01
1516,User_516,18.0,Male,1165.5480179439614,Home,5.0,Weekly,2023-06-13
1953,User_953,14.0,Male,903.6887145799801,Clothing,2.0,Daily,2023-11-15
1481,User_481,64.0,Female,1829.1212285702156,Clothing,3.0,Weekly,2023-10-13
1284,User_284,48.0,Male,,Home,2.0,Daily,2023-06-20
1719,User_719,63.0,Female,10000.0,Home,3.0,Daily,2023-09-09
1878,User_878,,Female,754.1747873719133,Clothing,4.0,Daily,2023-03-05
1226,User_226,42.0,Female,5000.0,Sports,2.0,Daily,2023-08-23
1027,User_27,35.0,Female,2190.7573549341155,Books,4.0,Weekly,2023-05-15
1955,User_955,17.0,Male,366.6269762678244,Books,4.0,Weekly,2023-11-17
1438,User_438,21.0,Female,456.22283045611607,Clothing,4.0,Weekly,2023-12-04
1952,User_952,15.0,Female,539.4269595827516,Clothing,3.0,Weekly,2023-07-05
1365,User_365,29.0,Male,462.1052888376587,Sports,4.0,Daily,2023-10-25
1230,User_230,56.0,Male,1292.7838146309782,Books,3.0,Monthly,2023-08-23
1038,User_38,30.0,Male,,Electronics,3.0,Weekly,2023-03-20
1966,User_966,13.0,Male,781.0380171104633,Books,4.0,Monthly,2023-03-04
1375,User_375,54.0,Male,840.1532559459479,Home,2.0,Monthly,2023-09-19
1470,User_470,60.0,Female,507.1912443535332,Home,0.0,Weekly,2023-12-02
1968,User_968,11.0,Female,791.4617378879201,Electronics,1.0,Weekly,2023-11-19
1851,User_851,58.0,Male,329.46950438595877,Sports,1.0,Monthly,2023-05-25
1705,User_705,34.0,Male,229.69460030065036,Books,7.0,Weekly,2023-10-12
1842,User_842,33.0,Female,287.04265950822986,Books,1.0,Daily,2023-08-19
1195,User_195,25.0,Male,,Home,3.0,Daily,2023-02-05
1855,User_855,49.0,Male,5000.0,Clothing,2.0,Monthly,2023-12-18
1865,User_865,31.0,Female,455.6940118102461,Home,4.0,Monthly,2023-04-26
1504,User_504,66.0,Female,4271.717765526986,Clothing,1.0,Daily,2023-05-22
1970,User_970,14.0,Male,610.2847099391294,Clothing,3.0,Monthly,2023-05-03
1831,User_831,64.0,Male,601.4592790908787,Books,4.0,Monthly,2023-05-16
1580,User_580,66.0,Female,89.6927141126696,Clothing,,Daily,2023-04-04
1969,User_969,14.0,Female,288.2418782296041,Books,5.0,Weekly,2023-11-08
1163,User_163,38.0,Female,738.6268748555386,Sports,3.0,Monthly,2023-03-26
1909,User_909,50.0,Male,372.7143254529794,Books,3.0,Weekly,2023-09-23
1153,User_153,42.0,Male,829.0042319169169,Books,4.0,Weekly,2023-01-08
1802,User_802,26.0,Female,529.3923296285235,Sports,3.0,Weekly,2023-03-19
1994,User_994,,Female,421.2857497452363,Electronics,5.0,Monthly,2023-08-22
1756,User_756,27.0,Female,589.2254542696,Clothing,3.0,Daily,2023-05-22
1112,User_112,68.0,Male,2373.834850347295,Home,4.0,Monthly,2023-10-23
1227,User_227,54.0,Male,174.6525524869219,Clothing,4.0,Daily,2023-06-11
1689,User_689,47.0,Male,694.40117239152,Home,5.0,Monthly,2023-12-09
1104,User_104,51.0,Female,1637.3446159819287,Books,3.0,Monthly,2023-05-02
1422,User_422,69.0,Female,195.55784129884177,Home,4.0,Monthly,2023-06-05
1420,User_420,25.0,Female,908.0294961287962,Home,4.0,Weekly,2023-10-08
1751,User_751,51.0,Female,446.50804950106664,Sports,2.0,Weekly,2023-12-20
1587,User_587,68.0,Female,186.7991876320801,Sports,5.0,Daily,2023-06-17
1781,User_781,51.0,Male,257.0617380108689,Clothing,2.0,Monthly,2023-02-22
1673,User_673,35.0,Female,807.6560559866048,Electronics,1.0,Monthly,2023-11-12
1120,User_120,59.0,Male,717.1559839852563,Clothing,3.0,Monthly,2023-12-04
1054,User_54,70.0,Female,378.4440387547934,Books,3.0,Daily,2023-10-18
1152,User_152,21.0,Male,186.4913459287788,Sports,2.0,Daily,2023-10-04
1404,User_404,34.0,Male,170.08279675301915,Books,,Monthly,2023-06-17
1946,User_946,62.0,Male,310.99232458316453,Electronics,1.0,Monthly,2023-10-05
1208,User_208,19.0,Female,614.2609893830979,Books,2.0,Weekly,2023-02-11
1659,User_659,48.0,Female,1780.9382184939413,Home,4.0,Weekly,2023-08-04
1844,User_844,25.0,Male,220.24734431053474,Books,4.0,Daily,2023-11-01
1763,User_763,19.0,Male,1748.0039279040852,Clothing,5.0,Monthly,2023-06-01
1009,User_9,,Male,113.90305599985555,Books,4.0,Monthly,2023-08-28
1808,User_808,60.0,Male,1228.9410163141586,Clothing,2.0,Monthly,2023-03-02
1037,User_37,66.0,Female,193.42367445742815,Sports,4.0,Monthly,2023-04-12
1453,User_453,,Female,348.1773082213004,Clothing,5.0,Monthly,2023-01-13
1652,User_652,60.0,Female,1164.7378409942908,Books,5.0,Daily,2023-12-05
1254,User_254,57.0,Male,738.293703239456,Books,5.0,Weekly,2023-12-08
1304,User_304,28.0,Female,516.3171341110522,Books,1.0,Weekly,2023-03-17
1747,User_747,48.0,Male,680.8933977000311,Home,,Weekly,2023-04-09
1572,User_572,34.0,Male,218.72807190297488,Sports,2.0,Weekly,2023-10-16
1624,User_624,50.0,Female,10000.0,Sports,2.0,Monthly,2023-02-28
1733,User_733,58.0,Male,629.9570316038591,Sports,1.0,Weekly,2023-10-11
1892,User_892,51.0,Male,127.26924594660858,Sports,2.0,Monthly,2023-08-10
1263,User_263,43.0,Male,664.2887726673424,Books,3.0,Monthly,2023-10-11
1611,User_611,68.0,Male,561.2329158894719,Home,1.0,Daily,2023-03-06
1298,User_298,66.0,Male,409.14954086286053,Sports,5.0,Monthly,2023-03-18
1415,User_415,23.0,Male,484.9204614724342,Electronics,2.0,Daily,2023-03-31
1151,User_151,57.0,Male,412.5964669741417,Books,1.0,Monthly,2023-11-30
1789,User_789,37.0,Female,197.66797436600643,Clothing,1.0,Monthly,2023-04-05
1641,User_641,50.0,Female,391.4771640830475,Clothing,5.0,Daily,2023-02-22
1890,User_890,61.0,Male,540.1076624165039,Books,,Weekly,2023-11-03
1551,User_551,60.0,Male,595.0287394174758,Books,5.0,Daily,2023-11-05
1887,User_887,48.0,Male,188.95648479839866,Sports,4.0,Daily,2023-09-10
1489,User_489,35.0,Male,1042.9478686692055,Home,3.0,Monthly,2023-10-14
1148,User_148,33.0,Male,714.3033472302977,Electronics,5.0,Daily,2023-10-09
1147,User_147,28.0,Male,1452.7051871651045,Electronics,4.0,Weekly,2023-08-15
1721,User_721,43.0,Female,652.643505972169,Home,5.0,Daily,2023-01-09
1932,User_932,61.0,Female,60.030603664734606,Electronics,2.0,Monthly,2023-12-06
1740,User_740,29.0,Female,79.2558885933587,Electronics,5.0,Monthly,2023-12-26
1660,User_660,65.0,Female,1719.8074321539361,Clothing,2.0,Monthly,2023-09-08
1349,User_349,28.0,Female,5000.0,Electronics,2.0,Daily,2023-07-24
1464,User_464,,Male,449.21531131919363,Books,2.0,Weekly,2023-12-23
1326,User_326,28.0,Female,581.4209851235902,Electronics,1.0,Monthly,2023-01-13
1187,User_187,,Female,796.1814282190741,Home,3.0,Weekly,2023-09-02
1124,User_124,46.0,Male,237.5942552603267,Clothing,1.0,Weekly,2023-07-30
1854,User_854,64.0,Male,587.6054424196828,Books,5.0,Weekly,2023-02-06
1609,User_609,47.0,Female,835.4817248557368,Home,3.0,Monthly,2023-03-20
1144,User_144,40.0,Female,3397.22816354292,Electronics,4.0,Daily,2023-08-25
1959,User_959,16.0,Female,,Sports,1.0,Weekly,2023-05-17
1198,User_198,69.0,Female,1564.6998054481307,Clothing,2.0,Weekly,2023-12-12
1610,User_610,55.0,Female,1553.3941983608354,Sports,2.0,Weekly,2023-05-03
1280,User_280,41.0,Female,858.671758431401,Sports,2.0,Daily,2023-08-05
1294,User_294,28.0,Female,1199.4161444093938,Home,2.0,Monthly,2023-01-05
1401,User_401,32.0,Female,404.5571637146099,Home,2.0,Monthly,2023-06-08
1123,User_123,22.0,Female,561.2742600407325,Sports,5.0,Monthly,2023-08-05
1184,User_184,43.0,Male,365.5736831030651,Electronics,1.0,Weekly,2023-01-30
1203,User_203,43.0,Male,419.9132410991979,Books,3.0,Monthly,2023-05-07
1439,User_439,39.0,Male,660.0006332022973,Electronics,3.0,Daily,2023-02-13
1247,User_247,,Male,520.1945406311797,Sports,,Daily,2023-10-06
1416,User_416,23.0,Male,669.7399995053823,Clothing,4.0,Weekly,2023-11-12
1933,User_933,33.0,Male,1064.3665747085079,Electronics,4.0,Weekly,2023-07-25
1766,User_766,68.0,Male,252.18040810065372,Sports,1.0,Daily,2023-04-02
1907,User_907,30.0,Female,361.0948684896028,Clothing,4.0,Weekly,2023-03-31
1836,User_836,25.0,Female,,Electronics,1.0,Weekly,2023-03-30
1888,User_888,41.0,Female,-100.0,Home,4.0,Monthly,2023-08-13
1130,User_130,37.0,Female,263.9133408596919,Sports,3.0,Weekly,2023-02-20
1638,User_638,54.0,Male,720.7039707259793,Sports,2.0,Monthly,2023-12-20
1403,User_403,42.0,Male,148.4621487288312,Electronics,4.0,Weekly,2023-07-29
1785,User_785,22.0,Female,1361.7213113110656,Sports,4.0,Monthly,2023-08-29
1771,User_771,46.0,Male,661.0211521309308,Electronics,3.0,Weekly,2023-03-06
1736,User_736,34.0,Male,432.09975273763337,Sports,4.0,Daily,2023-08-06
1914,User_914,19.0,Female,,Electronics,3.0,Monthly,2023-10-27
1220,User_220,62.0,Male,,Electronics,1.0,Monthly,2023-05-16
1642,User_642,45.0,Female,231.99791536250203,Sports,4.0,Weekly,2023-12-23
1916,User_916,59.0,Female,,Sports,5.0,Daily,2023-11-22
1753,User_753,62.0,Female,251.11325760744202,Books,1.0,Daily,2023-04-09
1807,User_807,42.0,Female,247.77665929223684,Electronics,4.0,Monthly,2023-05-08
1920,User_920,30.0,Female,121.51256834809992,Books,7.0,Monthly,2023-06-28
1625,User_625,40.0,Male,904.4877849009,Electronics,2.0,Daily,2023-03-25
1875,User_875,46.0,Female,2523.4864303441404,Clothing,1.0,Weekly,2023-10-19
1761,User_761,45.0,Female,966.769344317246,Sports,4.0,Daily,2023-02-21
1387,User_387,62.0,Male,1217.5094867176474,Electronics,5.0,Daily,2023-12-18
1973,User_973,13.0,Male,418.14556787313444,Books,5.0,Daily,2023-06-09
1510,User_510,31.0,Female,1471.6299355114688,Books,5.0,Daily,2023-08-14
1268,User_268,50.0,Female,899.0981619934475,Home,2.0,Daily,2023-04-18
1820,User_820,47.0,Male,,Books,1.0,Weekly,2023-10-29
1442,User_442,22.0,Female,1305.9288806138031,Home,5.0,Daily,2023-12-06
1497,User_497,53.0,Male,718.008983364759,Electronics,2.0,Daily,2023-08-17
1113,User_113,51.0,Female,2369.082686833796,Books,3.0,Weekly,2023-08-31
1692,User_692,70.0,Female,752.1976159837257,Electronics,1.0,Monthly,2023-01-15
1233,User_233,39.0,Female,338.9422647104509,Home,5.0,Monthly,2023-02-21
1870,User_870,68.0,Female,282.2700299136025,Clothing,4.0,Daily,2023-02-06
1608,User_608,67.0,Female,331.43861063258197,Clothing,1.0,Weekly,2023-11-15
1672,User_672,46.0,Female,429.662776215566,Clothing,6.0,Monthly,2023-05-19
1374,User_374,58.0,Female,167.04586955563488,Clothing,5.0,Daily,2023-11-07
1982,User_982,72.0,Female,3779.952132444254,Home,,Monthly,2023-03-02
1843,User_843,23.0,Male,717.4098789416148,Electronics,5.0,Daily,2023-12-19
1234,User_234,43.0,Female,5000.0,Sports,2.0,Daily,2023-02-07
1786,User_786,50.0,Male,279.8225711189089,Home,3.0,Daily,2023-09-03
1677,User_677,22.0,Female,709.4937836249961,Books,4.0,Weekly,2023-08-12
1318,User_318,66.0,Male,1676.7051291784055,Sports,1.0,Daily,2023-10-14
1649,User_649,31.0,Female,,Books,2.0,Weekly,2023-06-27
1411,User_411,57.0,Male,379.37720179893523,Sports,6.0,Daily,2023-08-04
1899,User_899,61.0,Male,1953.7012518490621,Clothing,1.0,Monthly,2023-12-12
1710,User_710,26.0,Female,872.4181949942794,Electronics,5.0,Weekly,2023-05-04
1359,User_359,67.0,Male,787.8774573787011,Electronics,4.0,Daily,2023-10-02
1259,User_259,58.0,Female,453.8309035367932,Clothing,5.0,Daily,2023-03-10
1745,User_745,38.0,Male,407.7630523165914,Electronics,4.0,Monthly,2023-04-29
1628,User_628,67.0,Female,1049.5900954134672,Home,4.0,Weekly,2023-10-24
1633,User_633,,Male,632.6980816899605,Books,1.0,Weekly,2023-07-12
1283,User_283,68.0,Female,926.9689445967447,Books,2.0,Weekly,2023-01-02
1377,User_377,47.0,Female,300.5907955512398,Books,4.0,Monthly,2023-07-17
1385,User_385,21.0,Male,270.7218063454508,Home,1.0,Daily,2023-09-24
1225,User_225,32.0,Female,2840.6842358341446,Sports,0.0,Weekly,2023-06-03
1954,User_954,10.0,Female,459.5407040700098,Books,3.0,Weekly,2023-09-13
1815,User_815,67.0,Female,329.7443300382124,Sports,3.0,Monthly,2023-09-25
1473,User_473,37.0,Male,880.6087754065701,Electronics,3.0,Monthly,2023-02-24
1348,User_348,26.0,Female,1247.0624150063966,Books,5.0,Daily,2023-04-09
1506,User_506,48.0,Male,194.4459582603361,Electronics,1.0,Daily,2023-09-06
1640,User_640,68.0,Female,33.74092817852034,Sports,,Daily,2023-05-05
1988,User_988,78.0,Female,541.041240393084,Home,1.0,Daily,2023-12-28
1929,User_929,66.0,Female,314.1621373845643,Clothing,4.0,Monthly,2023-12-22
1906,User_906,42.0,Female,992.6780425264336,Books,5.0,Monthly,2023-01-21
1620,User_620,27.0,Male,802.8721617662933,Clothing,4.0,Daily,2023-07-08
1856,User_856,27.0,Male,306.3390020511894,Electronics,1.0,Weekly,2023-04-30
1804,User_804,57.0,Male,260.9559392853443,Books,1.0,Weekly,2023-10-16
1646,User_646,52.0,Male,370.1196212948072,Electronics,5.0,Weekly,2023-03-03
1847,User_847,42.0,Female,376.6123436885499,Home,4.0,Monthly,2023-01-17
1557,User_557,69.0,Female,260.24732212241446,Sports,2.0,Daily,2023-09-06
1958,User_958,15.0,Male,651.0704022393029,Sports,1.0,Daily,2023-04-15
1578,User_578,45.0,Female,579.0335658114819,Electronics,3.0,Weekly,2023-03-11
1796,User_796,60.0,Male,201.36205018266685,Sports,3.0,Daily,2023-09-09
1086,User_86,18.0,Male,1701.6737103737205,Sports,4.0,Monthly,2023-06-23
1243,User_243,20.0,Female,243.49935176884435,Sports,4.0,Monthly,2023-07-09
1699,User_699,34.0,Female,333.8174855578226,Clothing,5.0,Daily,2023-05-13
1160,User_160,67.0,Female,-100.0,Home,4.0,Weekly,2023-04-20
1525,User_525,68.0,Female,1179.9662784318048,Sports,3.0,Monthly,2023-12-28
1036,User_36,44.0,Male,397.4587492708731,Sports,2.0,Monthly,2023-11-08
1541,User_541,43.0,Male,660.6113756839082,Sports,1.0,Daily,2023-10-22
1171,User_171,18.0,Female,376.4185985460245,Books,,Daily,2023-12-23
1655,User_655,69.0,Female,-100.0,Home,5.0,Weekly,2023-09-17
1891,User_891,62.0,Male,315.29619980161607,Sports,3.0,Weekly,2023-01-21
1858,User_858,24.0,Male,649.9803922504794,Home,,Daily,2023-11-17
1848,User_848,29.0,Female,,Books,5.0,Monthly,2023-04-29
1945,User_945,20.0,Male,972.4059926101709,Clothing,5.0,Daily,2023-12-03
1734,User_734,55.0,Female,443.57978104237725,Electronics,1.0,Monthly,2023-09-29
1096,User_96,54.0,Female,130.95700138519462,Electronics,5.0,Daily,2023-11-20
1564,User_564,60.0,Male,448.57653461237555,Home,1.0,Weekly,2023-03-26
1241,User_241,21.0,Female,574.0693458562299,Electronics,2.0,Weekly,2023-02-05
1743,User_743,59.0,Female,168.96662446245162,Clothing,1.0,Weekly,2023-06-06
1575,User_575,66.0,Male,208.74153149058662,Electronics,7.0,Monthly,2023-02-12
1691,User_691,51.0,Female,354.5549077584987,Books,1.0,Monthly,2023-06-22
1461,User_461,62.0,Female,217.296884908856,Home,4.0,Weekly,2023-11-19
1554,User_554,41.0,Female,1281.2936359135422,Electronics,3.0,Weekly,2023-04-23
1889,User_889,52.0,Female,1327.3047196227133,Clothing,3.0,Daily,2023-02-11
1207,User_207,41.0,Female,284.69257975713424,Home,2.0,Monthly,2023-11-14
1393,User_393,56.0,Female,1327.2175524068207,Electronics,1.0,Monthly,2023-12-07
1795,User_795,62.0,Male,667.8495788073767,Electronics,5.0,Weekly,2023-07-25
1398,User_398,55.0,Female,952.6159810582662,Electronics,2.0,Monthly,2023-03-05
1767,User_767,70.0,Male,330.9611752816662,Books,4.0,Daily,2023-06-04
1849,User_849,32.0,Male,306.28220089865613,Clothing,2.0,Daily,2023-05-28
1218,User_218,60.0,Male,268.2395922850835,Clothing,5.0,Monthly,2023-06-10
1005,User_5,37.0,Male,3645.9001558384934,Sports,5.0,Weekly,2023-02-02
1769,User_769,68.0,Female,527.8743553282105,Sports,1.0,Weekly,2023-12-29
1643,User_643,64.0,Female,1298.0152306749858,Sports,5.0,Daily,2023-06-04
1930,User_930,46.0,Male,3049.0915188059994,Electronics,3.0,Weekly,2023-09-11
1613,User_613,18.0,Female,427.1400820186992,Electronics,5.0,Weekly,2023-12-09
1739,User_739,55.0,Male,1107.2716457972913,Home,5.0,Monthly,2023-06-30
1547,User_547,44.0,Male,1181.3993081929589,Sports,4.0,Monthly,2023-07-19
1726,User_726,54.0,Male,1344.1074890517966,Clothing,2.0,Monthly,2023-12-21
1684,User_684,29.0,Female,512.3151026812727,Clothing,1.0,Monthly,2023-08-19
1099,User_99,19.0,Female,1810.2415662292956,Clothing,3.0,Daily,2023-02-04
1805,User_805,34.0,Female,317.1728022224564,Sports,4.0,Daily,2023-06-05
1728,User_728,23.0,Male,490.90001736993486,Electronics,2.0,Monthly,2023-06-06
1574,User_574,58.0,Female,956.7854186597586,Home,5.0,Monthly,2023-01-14
1407,User_407,19.0,Female,987.083670706542,Home,3.0,Weekly,2023-06-01
1503,User_503,59.0,Male,104.04360149343728,Electronics,4.0,Weekly,2023-11-23
1048,User_48,34.0,Male,108.41464829587584,Home,1.0,Monthly,2023-02-27
1033,User_33,43.0,Female,,Electronics,5.0,Weekly,2023-06-02
1780,User_780,52.0,Male,89.65944059564235,Home,3.0,Daily,2023-09-09
1840,User_840,40.0,Male,839.7970482094834,Books,2.0,Monthly,2023-01-02
1201,User_201,39.0,Male,452.20662192006927,Books,2.0,Monthly,2023-03-03
1135,User_135,70.0,Male,652.9580298056433,Sports,1.0,Daily,2023-05-08
1028,User_28,49.0,Female,10000.0,Home,5.0,Monthly,2023-09-14
1881,User_881,52.0,Male,126.44862514767688,Books,3.0,Monthly,2023-06-05
1231,User_231,34.0,Female,1629.047651699072,Sports,4.0,Weekly,2023-11-15
1490,User_490,42.0,Male,1664.1406267290756,Electronics,3.0,Weekly,2023-11-01
1773,User_773,28.0,Male,242.20720912053937,Clothing,4.0,Daily,2023-01-24
1379,User_379,38.0,Female,1933.0166559695692,Sports,3.0,Monthly,2023-04-08
1289,User_289,48.0,Male,1437.2576586294365,Clothing,1.0,Daily,2023-08-15
1419,User_419,68.0,Female,984.6177764165737,Books,4.0,Weekly,2023-07-27
1675,User_675,18.0,Female,238.4832132119714,Home,3.0,Daily,2023-09-05
1392,User_392,25.0,Male,142.4193055683072,Books,1.0,Daily,2023-02-05
1593,User_593,62.0,Male,663.8104008624011,Clothing,4.0,Daily,2023-02-11
1499,User_499,21.0,Male,,Electronics,1.0,Weekly,2023-09-01
1139,User_139,60.0,Male,,Sports,3.0,Daily,2023-08-18
1063,User_63,38.0,Male,408.6289234047598,Sports,2.0,Weekly,2023-09-01
1472,User_472,22.0,Female,226.87084445147008,Home,1.0,Daily,2023-01-03
1648,User_648,41.0,Male,354.43999906632104,Books,4.0,Monthly,2023-01-22
1129,User_129,34.0,Female,518.0139573562055,Clothing,,Daily,2023-11-27
1977,User_977,84.0,Female,2050.1385484309576,Books,1.0,Daily,2023-07-28
1521,User_521,63.0,Female,122.20995822413553,Clothing,3.0,Weekly,2023-04-29
1839,User_839,34.0,Female,336.4326888935214,Books,3.0,Monthly,2023-03-22
1963,User_963,10.0,Female,,Electronics,,Weekly,2023-08-13
1065,User_65,26.0,Male,308.2038852851974,Clothing,2.0,Daily,2023-03-26
1813,User_813,52.0,Male,673.1104658179404,Books,2.0,Daily,2023-11-13
1015,User_15,68.0,Female,426.32732034375306,Home,4.0,Monthly,2023-02-28
1157,User_157,44.0,Male,141.73140768803052,Clothing,7.0,Daily,2023-07-28
1041,User_41,58.0,Male,1132.4794851994325,Sports,3.0,Weekly,2023-10-04
1493,User_493,57.0,Male,274.18336454929505,Electronics,4.0,Daily,2023-11-10
1380,User_380,54.0,Male,354.2419938334111,Clothing,4.0,Monthly,2023-05-11
1188,User_188,47.0,Male,1220.2821965195449,Electronics,3.0,Weekly,2023-09-15
1764,User_764,60.0,Female,613.8464768594296,Sports,3.0,Daily,2023-04-27
1217,User_217,63.0,Female,266.78348421788144,Home,5.0,Daily,2023-12-09
1792,User_792,69.0,Female,1059.429149061055,Home,3.0,Daily,2023-09-02
1053,User_53,20.0,Male,474.78577552384405,Home,5.0,Monthly,2023-05-04
1879,User_879,69.0,Male,151.81259702356041,Sports,2.0,Weekly,2023-08-28
1338,User_338,,Male,290.1244551300577,Electronics,3.0,Daily,2023-08-29
1749,User_749,44.0,Male,,Books,3.0,Weekly,2023-03-03
1720,User_720,,Female,407.6466165365507,Home,4.0,Daily,2023-08-18
1725,User_725,40.0,Male,760.4961803989821,Books,,Monthly,2023-07-27
1296,User_296,32.0,Female,2027.661924091317,Sports,2.0,Monthly,2023-02-08
1702,User_702,63.0,Female,221.5281775655432,Home,3.0,Weekly,2023-11-02
1252,User_252,64.0,Male,92.72969654225577,Sports,3.0,Daily,2023-09-28
1727,User_727,28.0,Male,683.1238199606605,Sports,3.0,Monthly,2023-05-05
1462,User_462,19.0,Male,627.2705897563179,Sports,2.0,Monthly,2023-10-22
1456,User_456,22.0,Male,763.0726817543039,Clothing,2.0,Monthly,2023-09-01
1997,User_997,81.0,Male,5000.0,Sports,1.0,Monthly,2023-07-16
1816,User_816,,Male,770.4330603781635,Books,2.0,Daily,2023-07-14
1863,User_863,39.0,Female,407.229631476349,Books,2.0,Monthly,2023-02-28
1270,User_270,39.0,Male,2105.4787351038517,Clothing,7.0,Weekly,2023-04-15
1202,User_202,31.0,Female,273.4827270452284,Books,1.0,Daily,2023-10-19
1162,User_162,36.0,Male,1134.8004967483969,Electronics,4.0,Weekly,2023-01-31
1556,User_556,24.0,Female,84.56087010804745,Sports,5.0,Monthly,2023-08-12
1730,User_730,38.0,Female,280.7270323133605,Electronics,1.0,Weekly,2023-10-25
1402,User_402,50.0,Female,143.96517553806993,Clothing,1.0,Weekly,2023-12-08
1703,User_703,40.0,Male,472.01199236922236,Clothing,3.0,Monthly,2023-12-26
1477,User_477,,Male,1230.5177999641705,Home,1.0,Monthly,2023-12-23
1822,User_822,51.0,Female,885.1104600083253,Sports,5.0,Daily,2023-06-06
1772,User_772,38.0,Male,1755.3706757571886,Books,2.0,Weekly,2023-05-21
1106,User_106,67.0,Female,139.24313021823932,Clothing,1.0,Daily,2023-12-09
1566,User_566,43.0,Female,780.1192188400304,Sports,,Monthly,2023-03-07
1390,User_390,35.0,Male,5000.0,Electronics,3.0,Monthly,2023-07-06
1002,User_2,26.0,Female,739.9272140684859,Electronics,2.0,Daily,2023-12-15
1938,User_938,42.0,Male,117.2835158084567,Home,2.0,Daily,2023-06-11
1983,User_983,79.0,Female,387.22108606748196,Clothing,4.0,Weekly,2023-11-28
1562,User_562,66.0,Male,869.2466020718216,Clothing,1.0,Monthly,2023-12-14
1081,User_81,43.0,Male,10000.0,Home,,Monthly,2023-08-20
1206,User_206,31.0,Male,2087.2395254025632,Home,3.0,Daily,2023-01-21
1035,User_35,39.0,Female,398.22213362265893,Sports,4.0,Daily,2023-09-17
1776,User_776,53.0,Male,235.68666276850135,Books,1.0,Daily,2023-05-30
1509,User_509,46.0,Female,671.5390979635013,Clothing,2.0,Weekly,2023-05-21
1428,User_428,47.0,Female,3542.497140392806,Books,3.0,Daily,2023-12-02
1455,User_455,25.0,Male,528.3991580262781,Clothing,5.0,Monthly,2023-05-06
1367,User_367,52.0,Female,172.5225404945754,Sports,1.0,Monthly,2023-01-20
1092,User_92,65.0,Female,391.36405841600373,Clothing,,Monthly,2023-04-23
1340,User_340,30.0,Female,436.9096669466839,Books,4.0,Daily,2023-04-13
1898,User_898,40.0,Female,278.0004249522883,Clothing,7.0,Weekly,2023-04-28
1565,User_565,39.0,Female,482.1586712180274,Sports,3.0,Monthly,2023-08-28
1346,User_346,26.0,Male,685.7034372434917,Sports,3.0,Monthly,2023-01-13
1777,User_777,66.0,Male,1355.143595002837,Books,,Daily,2023-12-24
1242,User_242,27.0,Male,240.89217194874774,Books,2.0,Weekly,2023-05-06
1014,User_14,35.0,Male,244.0328995257372,Clothing,4.0,Monthly,2023-12-15
1316,User_316,50.0,Female,,Sports,5.0,Monthly,2023-02-22
1601,User_601,31.0,Male,304.39180925030314,Sports,1.0,Weekly,2023-02-05
1388,User_388,59.0,Male,1944.1136932950276,Books,4.0,Weekly,2023-12-10
1274,User_274,65.0,Female,1037.7472857986609,Books,4.0,Daily,2023-09-16
1167,User_167,59.0,Female,5000.0,Home,1.0,Weekly,2023-05-16
1841,User_841,54.0,Male,382.1990097726174,Home,4.0,Monthly,2023-07-29
1993,User_993,73.0,Female,933.1848048216553,Sports,,Monthly,2023-05-05
1647,User_647,49.0,Male,359.5362150487878,Books,3.0,Weekly,2023-10-17
1819,User_819,68.0,Female,180.01040964687908,Sports,1.0,Weekly,2023-06-02
1485,User_485,29.0,Male,184.0816783865089,Sports,5.0,Weekly,2023-03-10
1981,User_981,83.0,Female,5000.0,Sports,2.0,Monthly,2023-08-25
1505,User_505,45.0,Male,356.0382643134333,Sports,3.0,Monthly,2023-09-24
1832,User_832,29.0,Male,690.3362238846506,Clothing,,Weekly,2023-12-05
1244,User_244,58.0,Male,1795.0116706767053,Clothing,4.0,Daily,2023-05-26
1567,User_567,45.0,Female,,Clothing,2.0,Daily,2023-11-15
1876,User_876,35.0,Male,1047.1733528884404,Home,3.0,Daily,2023-05-28
1563,User_563,46.0,Male,416.1022950351354,Home,3.0,Monthly,2023-07-27
1687,User_687,54.0,Female,5000.0,Home,4.0,Monthly,2023-10-19
1190,User_190,65.0,Female,142.73305564629712,Sports,5.0,Daily,2023-03-22
1783,User_783,41.0,Female,166.34727682397346,Books,2.0,Weekly,2023-10-21
1700,User_700,27.0,Male,551.9558900278433,Electronics,5.0,Weekly,2023-06-24
1476,User_476,57.0,Female,1346.3453790057688,Sports,2.0,Daily,2023-04-01
1682,User_682,20.0,Male,992.8431440843963,Home,3.0,Daily,2023-02-14
1511,User_511,57.0,Male,222.5685222035638,Sports,2.0,Monthly,2023-02-09
1059,User_59,27.0,Male,315.94325154746195,Clothing,2.0,Monthly,2023-09-30
1475,User_475,27.0,Male,130.9549941235102,Sports,4.0,Daily,2023-04-23
1561,User_561,50.0,Female,285.1812547987783,Sports,4.0,Weekly,2023-12-09
1857,User_857,33.0,Male,979.8561547264521,Books,2.0,Daily,2023-05-16
1748,User_748,23.0,Male,5000.0,Home,2.0,Monthly,2023-06-11
1253,User_253,25.0,Female,274.1985960627667,Sports,7.0,Monthly,2023-01-05
1022,User_22,67.0,Male,248.95415628284817,Clothing,4.0,Daily,2023-05-31
1314,User_314,36.0,Male,528.2065130981536,Home,2.0,Weekly,2023-05-08
1460,User_460,29.0,Male,413.80674652369305,Clothing,,Weekly,2023-08-01
1161,User_161,68.0,Male,424.6030769245314,Electronics,2.0,Daily,2023-07-25
1277,User_277,28.0,Male,303.84847645778297,Electronics,4.0,Daily,2023-01-27
1956,User_956,10.0,Male,200.57475819326734,Books,1.0,Monthly,2023-08-15
1192,User_192,43.0,Male,445.2121017138363,Clothing,5.0,Weekly,2023-09-18
1386,User_386,42.0,Female,986.8149301118993,Sports,4.0,Monthly,2023-10-03
1806,User_806,18.0,Female,1048.8312350887045,Electronics,4.0,Monthly,2023-02-13
1414,User_414,68.0,Male,387.58098907131085,Sports,4.0,Weekly,2023-12-13
1492,User_492,64.0,Male,813.1057219613238,Clothing,1.0,Weekly,2023-08-15
1344,User_344,18.0,Female,520.4933411652925,Sports,4.0,Monthly,2023-04-27
1770,User_770,43.0,Male,821.4133577450723,Sports,1.0,Daily,2023-10-01
1309,User_309,61.0,Female,1116.4985380947514,Books,3.0,Monthly,2023-07-06
1662,User_662,24.0,Male,670.9586472059777,Books,5.0,Weekly,2023-08-10
1131,User_131,41.0,Female,338.0228383076352,Sports,5.0,Weekly,2023-02-01
1664,User_664,24.0,Female,-100.0,Home,1.0,Monthly,2023-11-22
1872,User_872,,Female,732.2854247623984,Books,3.0,Monthly,2023-03-26
1100,User_100,28.0,Male,67.69172965236557,Books,3.0,Monthly,2023-01-17
1373,User_373,28.0,Female,886.601338280648,Electronics,5.0,Weekly,2023-08-12
1088,User_88,22.0,Male,193.04543818683504,Home,5.0,Weekly,2023-10-29
1459,User_459,21.0,Male,101.97035881725874,Clothing,5.0,Monthly,2023-08-22
1331,User_331,50.0,Male,634.5779047641763,Sports,5.0,Weekly,2023-05-08
1215,User_215,64.0,Male,134.99445898705955,Electronics,,Monthly,2023-05-14
1467,User_467,53.0,Female,469.46022729109137,Home,4.0,Monthly,2023-07-24
1122,User_122,34.0,Male,698.8046087775539,Electronics,3.0,Monthly,2023-07-01
1615,User_615,46.0,Female,581.1436872927444,Electronics,5.0,Daily,2023-10-16
1021,User_21,47.0,Female,227.58093198056397,Books,4.0,Daily,2023-02-27
1701,User_701,47.0,Female,395.68455453380056,Clothing,,Monthly,2023-05-24
1072,User_72,18.0,Female,1213.6681158263582,Sports,5.0,Monthly,2023-12-20
1107,User_107,51.0,Female,311.3408877948071,Electronics,5.0,Monthly,2023-09-06
1271,User_271,38.0,Female,223.18008708428067,Clothing,4.0,Monthly,2023-12-18
1861,User_861,43.0,Female,311.7377712888768,Sports,1.0,Weekly,2023-04-12
1436,User_436,44.0,Female,508.4318187898232,Home,4.0,Monthly,2023-08-31
1103,User_103,55.0,Female,1827.1089714858892,Home,5.0,Weekly,2023-09-21
